{"cameraMode":{"drawMode":0,"name":"Shaded","section":"Shading Mode"},"sceneLighting":false,"audioPlay":false,"sceneViewState":{"showFog":true,"showMaterialUpdate":false,"showSkybox":true,"showFlares":true,"showImageEffects":true,"showParticleSystems":true},"in2DMode":false,"pivot":{"x":181.7313232421875,"y":70.55485534667969,"z":40.896549224853519},"rotation":{"x":0.2041092813014984,"y":0.7942631840705872,"z":-0.3752189874649048,"w":0.43217772245407107},"size":1086.75390625,"orthographic":false}