{"cameraMode":{"drawMode":0,"name":"Shaded","section":"Shading Mode"},"sceneLighting":true,"audioPlay":false,"sceneViewState":{"showFog":true,"showMaterialUpdate":false,"showSkybox":true,"showFlares":true,"showImageEffects":true,"showParticleSystems":true},"in2DMode":false,"pivot":{"x":-6.812641143798828,"y":0.6418982148170471,"z":7.459993362426758},"rotation":{"x":-0.04116961732506752,"y":0.9274691343307495,"z":-0.3557996153831482,"w":-0.10731888562440872},"size":1.4696791172027588,"orthographic":false}